<?xml version="1.0" encoding="UTF-8"?>
<vivadoHLSLog:LogRoot xmlns:vivadoHLSLog="www.xilinx.com/vivadoHLSLog">
  <errorLogs>
    <logs>
      <synLog/>
      <simLog/>
      <mgLog/>
      <packageLog/>
      <csimLog/>
    </logs>
  </errorLogs>
  <warningLogs>
    <logs>
      <synLog>
        <logs message="WARNING: [HLS 200-40] In file included from Sobel/src/Sobel_accel.cpp:1:&#xD;&#xA;In file included from Sobel/src/Sobel_accel.cpp:4:&#xD;&#xA;C:/Users/sen/Documents/HLSProj/Sobel/include\imgproc/xf_cvt_color.hpp:5539:28: error: use of undeclared identifier 'iTC'; did you mean 'TC'?&#xD;&#xA;_ssdm_op_SpecLoopTripCount(iTC, iTC, 0, &quot;&quot;);&#xD;&#xA;                           ^~~&#xD;&#xA;                           TC&#xD;&#xA;C:/Users/sen/Documents/HLSProj/Sobel/include\imgproc/xf_cvt_color.hpp:5496:101: note: 'TC' declared here&#xD;&#xA;template&lt;int SRC_T,int DST_T,int ROWS, int COLS, int NPC, int WORDWIDTH_SRC, int WORDWIDTH_DST, int TC>&#xD;&#xA;                                                                                                    ^&#xD;&#xA;C:/Users/sen/Documents/HLSProj/Sobel/include\imgproc/xf_cvt_color.hpp:5539:33: error: use of undeclared identifier 'iTC'; did you mean 'TC'?&#xD;&#xA;_ssdm_op_SpecLoopTripCount(iTC, iTC, 0, &quot;&quot;);&#xD;&#xA;                                ^~~&#xD;&#xA;                                TC&#xD;&#xA;C:/Users/sen/Documents/HLSProj/Sobel/include\imgproc/xf_cvt_color.hpp:5496:101: note: 'TC' declared here&#xD;&#xA;template&lt;int SRC_T,int DST_T,int ROWS, int COLS, int NPC, int WORDWIDTH_SRC, int WORDWIDTH_DST, int TC>&#xD;&#xA;                                                                                                    ^&#xD;&#xA;C:/Users/sen/Documents/HLSProj/Sobel/include\imgproc/xf_cvt_color.hpp:5635:28: error: use of undeclared identifier 'iTC'; did you mean 'TC'?&#xD;&#xA;_ssdm_op_SpecLoopTripCount(iTC, iTC, 0, &quot;&quot;);&#xD;&#xA;                           ^~~&#xD;&#xA;                           TC&#xD;&#xA;C:/Users/sen/Documents/HLSProj/Sobel/include\imgproc/xf_cvt_color.hpp:5496:101: note: 'TC' declared here&#xD;&#xA;template&lt;int SRC_T,int DST_T,int ROWS, int COLS, int NPC, int WORDWIDTH_SRC, int WORDWIDTH_DST, int TC>&#xD;&#xA;                                                                                                    ^&#xD;&#xA;C:/Users/sen/Documents/HLSProj/Sobel/include\imgproc/xf_cvt_color.hpp:5635:33: error: use of undeclared identifier 'iTC'; did you mean 'TC'?&#xD;&#xA;_ssdm_op_SpecLoopTripCount(iTC, iTC, 0, &quot;&quot;);&#xD;&#xA;                                ^~~&#xD;&#xA;                                TC&#xD;&#xA;C:/Users/sen/Documents/HLSProj/Sobel/include\imgproc/xf_cvt_color.hpp:5496:101: note: 'TC' declared here&#xD;&#xA;template&lt;int SRC_T,int DST_T,int ROWS, int COLS, int NPC, int WORDWIDTH_SRC, int WORDWIDTH_DST, int TC>&#xD;&#xA;                                                                                                    ^&#xD;&#xA;C:/Users/sen/Documents/HLSProj/Sobel/include\imgproc/xf_cvt_color.hpp:5713:28: error: use of undeclared identifier 'iTC'; did you mean 'TC'?&#xD;&#xA;_ssdm_op_SpecLoopTripCount(iTC, iTC, 0, &quot;&quot;);&#xD;&#xA;                           ^~~&#xD;&#xA;                           TC&#xD;&#xA;C:/Users/sen/Documents/HLSProj/Sobel/include\imgproc/xf_cvt_color.hpp:5496:101: note: 'TC' declared here&#xD;&#xA;template&lt;int SRC_T,int DST_T,int ROWS, int COLS, int NPC, int WORDWIDTH_SRC, int WORDWIDTH_DST, int TC>&#xD;&#xA;                                                                                                    ^&#xD;&#xA;C:/Users/sen/Documents/HLSProj/Sobel/include\imgproc/xf_cvt_color.hpp:5713:33: error: use of undeclared identifier 'iTC'; did you mean 'TC'?&#xD;&#xA;_ssdm_op_SpecLoopTripCount(iTC, iTC, 0, &quot;&quot;);&#xD;&#xA;                                ^~~&#xD;&#xA;                                TC&#xD;&#xA;C:/Users/sen/Documents/HLSProj/Sobel/include\imgproc/xf_cvt_color.hpp:5496:101: note: 'TC' declared here&#xD;&#xA;template&lt;int SRC_T,int DST_T,int ROWS, int COLS, int NPC, int WORDWIDTH_SRC, int WORDWIDTH_DST, int TC>&#xD;&#xA;                                                                                                    ^&#xD;&#xA;C:/Users/sen/Documents/HLSProj/Sobel/include\imgproc/xf_cvt_color.hpp:6225:28: error: use of undeclared identifier 'iTC'; did you mean 'TC'?&#xD;&#xA;_ssdm_op_SpecLoopTripCount(iTC, iTC, 0, &quot;&quot;);&#xD;&#xA;                           ^~~&#xD;&#xA;                           TC&#xD;&#xA;C:/Users/sen/Documents/HLSProj/Sobel/include\imgproc/xf_cvt_color.hpp:5496:101: note: 'TC' declared here&#xD;&#xA;template&lt;int SRC_T,int DST_T,int ROWS, int COLS, int NPC, int WORDWIDTH_SRC, int WORDWIDTH_DST, int TC>&#xD;&#xA;                                                                                                    ^&#xD;&#xA;C:/Users/sen/Documents/HLSProj/Sobel/include\imgproc/xf_cvt_color.hpp:6225:33: error: use of undeclared identifier 'iTC'; did you mean 'TC'?&#xD;&#xA;_ssdm_op_SpecLoopTripCount(iTC, iTC, 0, &quot;&quot;);&#xD;&#xA;                                ^~~&#xD;&#xA;                                TC&#xD;&#xA;C:/Users/sen/Documents/HLSProj/Sobel/include\imgproc/xf_cvt_color.hpp:5496:101: note: 'TC' declared here&#xD;&#xA;template&lt;int SRC_T,int DST_T,int ROWS, int COLS, int NPC, int WORDWIDTH_SRC, int WORDWIDTH_DST, int TC>&#xD;&#xA;                                                                                                    ^&#xD;&#xA;C:/Users/sen/Documents/HLSProj/Sobel/include\imgproc/xf_cvt_color.hpp:6322:28: error: use of undeclared identifier 'iTC'; did you mean 'TC'?&#xD;&#xA;_ssdm_op_SpecLoopTripCount(iTC, iTC, 0, &quot;&quot;);&#xD;&#xA;                           ^~~&#xD;&#xA;                           TC&#xD;&#xA;C:/Users/sen/Documents/HLSProj/Sobel/include\imgproc/xf_cvt_color.hpp:5496:101: note: 'TC' declared here&#xD;&#xA;template&lt;int SRC_T,int DST_T,int ROWS, int COLS, int NPC, int WORDWIDTH_SRC, int WORDWIDTH_DST, int TC>&#xD;&#xA;                                                                                                    ^&#xD;&#xA;C:/Users/sen/Documents/HLSProj/Sobel/include\imgproc/xf_cvt_color.hpp:6322:33: error: use of undeclared identifier 'iTC'; did you mean 'TC'?&#xD;&#xA;_ssdm_op_SpecLoopTripCount(iTC, iTC, 0, &quot;&quot;);&#xD;&#xA;                                ^~~&#xD;&#xA;                                TC&#xD;&#xA;C:/Users/sen/Documents/HLSProj/Sobel/include\imgproc/xf_cvt_color.hpp:5496:101: note: 'TC' declared here&#xD;&#xA;template&lt;int SRC_T,int DST_T,int ROWS, int COLS, int NPC, int WORDWIDTH_SRC, int WORDWIDTH_DST, int TC>&#xD;&#xA;                                                                                                    ^&#xD;&#xA;C:/Users/sen/Documents/HLSProj/Sobel/include\imgproc/xf_cvt_color.hpp:6400:28: error: use of undeclared identifier 'iTC'; did you mean 'TC'?&#xD;&#xA;_ssdm_op_SpecLoopTripCount(iTC, iTC, 0, &quot;&quot;);&#xD;&#xA;                           ^~~&#xD;&#xA;                           TC&#xD;&#xA;C:/Users/sen/Documents/HLSProj/Sobel/include\imgproc/xf_cvt_color.hpp:5496:101: note: 'TC' declared here&#xD;&#xA;template&lt;int SRC_T,int DST_T,int ROWS, int COLS, int NPC, int WORDWIDTH_SRC, int WORDWIDTH_DST, int TC>&#xD;&#xA;                                                                                                    ^&#xD;&#xA;C:/Users/sen/Documents/HLSProj/Sobel/include\imgproc/xf_cvt_color.hpp:6400:33: error: use of undeclared identifier 'iTC'; did you mean 'TC'?&#xD;&#xA;_ssdm_op_SpecLoopTripCount(iTC, iTC, 0, &quot;&quot;);&#xD;&#xA;                                ^~~&#xD;&#xA;                                TC&#xD;&#xA;C:/Users/sen/Documents/HLSProj/Sobel/include\imgproc/xf_cvt_color.hpp:5496:101: note: 'TC' declared here&#xD;&#xA;template&lt;int SRC_T,int DST_T,int ROWS, int COLS, int NPC, int WORDWIDTH_SRC, int WORDWIDTH_DST, int TC>&#xD;&#xA;                                                                                                    ^&#xD;&#xA;12 errors generated.&#xD;&#xA;Compilation of the preprocessed source 'Sobel_accel' failed&#xD;&#xA;    while executing&#xD;&#xA;&quot;source C:/Users/sen/Documents/HLSProj/Sobel/solution1/csynth.tcl&quot;&#xD;&#xA;    invoked from within&#xD;&#xA;&quot;hls::main C:/Users/sen/Documents/HLSProj/Sobel/solution1/csynth.tcl&quot;&#xD;&#xA;    (&quot;uplevel&quot; body line 1)&#xD;&#xA;    invoked from within&#xD;&#xA;&quot;uplevel 1 hls::main {*}$args&quot;&#xD;&#xA;    (procedure &quot;hls_proc&quot; line 5)&#xD;&#xA;    invoked from within&#xD;&#xA;&quot;hls_proc $argv&quot;&#xD;&#xA;" projectName="Sobel" solutionName="solution1" date="2020-07-20T15:58:05.068+0800" type="Warning"/>
        <logs message="WARNING: [HLS 200-40] In file included from Sobel/src/Sobel_accel.cpp:1:&#xD;&#xA;In file included from Sobel/src/Sobel_accel.cpp:2:&#xD;&#xA;In file included from Sobel/src/infra.h:10:&#xD;&#xA;C:/Users/sen/Documents/HLSProj/Sobel/include\common/xf_structs.h:403:33: warning: unknown attribute 'xcl_array_geometry' ignored [-Wattributes]&#xD;&#xA;    DATATYPE *data __attribute((xcl_array_geometry((ROWS)*(COLS>> (xfNPixelsPerCycle&lt;NPC>::datashift)))));&#xD;&#xA;                                ^&#xD;&#xA;1 warning generated." projectName="Sobel" solutionName="solution1" date="2020-07-20T15:58:04.834+0800" type="Warning"/>
        <logs message="WARNING: [HLS 200-40] Cannot find source file infra.cpp; skipping it." projectName="Sobel" solutionName="solution1" date="2020-07-20T15:57:46.994+0800" type="Warning"/>
        <logs message="WARNING: [HLS 200-40] Cannot find design file 'infra.cpp'" projectName="Sobel" solutionName="solution1" date="2020-07-20T15:57:45.526+0800" type="Warning"/>
      </synLog>
      <simLog/>
      <mgLog/>
      <packageLog/>
      <csimLog/>
    </logs>
  </warningLogs>
</vivadoHLSLog:LogRoot>
